"Status","Start Time","Stop Time","Duration in ms","Parent Suite","Suite","Sub Suite","Test Class","Test Method","Name","Description"
"failed","Sun Aug 11 23:13:21 GMT 2024","Sun Aug 11 23:14:01 GMT 2024","39881","tests.US_55_ReTestsManual.artemdashkov","US_55-artemdashkov_ReTestsManual_test","TestManualDetected","","","TC_55!151 (Lang: ru) | Bid:55!151-ru.au.NoAuth","
        Check:  The [demo account] page is opened in EN language instead corresponding language,
                when clicked [demo account] link on the ""Main page"" for HU or RU language is selected
        Language: HU, RU
        Country: CYSEC, ASIC, SCB
        Role: NoReg, Auth, NoAuth
        Author: Artem Dashkov
        "
"failed","Sun Aug 11 23:19:45 GMT 2024","Sun Aug 11 23:20:16 GMT 2024","31422","tests.US_55_ReTestsManual.artemdashkov","US_55-artemdashkov_ReTestsManual_test","TestManualDetected","","","TC_55!265 (Lang: ar) | Bid:55!265-ar.ae.NoReg","
        Check:  The page with ""404 error"" message is displayed instead ""Contact us"" page,
                when clicked the button [Open an account] in the block ""We’re here to help""
                on the page ""Trading platforms"" for AR language is selected
        Language: AR
        Country: SCA
        Role: NoReg, Auth, NoAuth
        Author: Artem Dashkov
        "
"failed","Sun Aug 11 22:37:17 GMT 2024","Sun Aug 11 22:37:43 GMT 2024","25556","tests.US_55_ReTestsManual.artemdashkov","US_55-artemdashkov_ReTestsManual_test","TestManualDetected","","","TC_55!016c (Lang: hu) | Bid:55!016c-hu.au.Auth","
        Check:  The trading platform is opened, not the page of the corresponding trading instrument
                on the trading platform
        Language: All.
        License: Not FCA
        Author: Artem Dashkov
        "
"failed","Sun Aug 11 23:28:24 GMT 2024","Sun Aug 11 23:29:13 GMT 2024","49389","tests.US_55_ReTestsManual.saii-d3v","US_55-saii-d3v_ReTestsManual_test","TestManualDetectedBugs","","","TC_55!053 (Lang: cn) | Bid:55!053-cn.au.NoAuth","
         Check: The page is refreshed instead of opening the Login form after clicking the [Log In] button
                on the Search page
         Language: All.
         License: All, exclude FCA, SCA.
         Author: Sergey Aiidzhanov
         "
"failed","Sun Aug 11 23:41:07 GMT 2024","Sun Aug 11 23:41:44 GMT 2024","37140","tests.US_55_ReTestsManual.saii-d3v","US_55-saii-d3v_ReTestsManual_test","TestManualDetectedBugs","","","TC_55!160 (Lang: de) | Bid:55!160-de.de.NoReg","
         Check: The Search field in the header is not opened after performed search
         Language: All.
         License: All, exclude FCA, SCA.
         Author: Sergey Aiidzhanov
         "
"passed","Sun Aug 11 22:47:48 GMT 2024","Sun Aug 11 22:48:27 GMT 2024","39464","tests.US_55_ReTestsManual.artemdashkov","US_55-artemdashkov_ReTestsManual_test","TestManualDetected","","","TC_55!045a (Lang: hu) | Bid:55!045a-hu.au.NoAuth","
        Check: Field [email] in Sign up form
        Language: All.
        License/Country: de/CYSEC, au/ASIC,
        Role: NoReg, NoAuth,
        Login: ['КИРИЛЛИЦА_без_пробелов@gmail.com', 'LATIN with space@gmail.com'],
        Password: ['VALID_password44!']
        Author: Artem Dashkov
        "
"failed","Sun Aug 11 23:24:59 GMT 2024","Sun Aug 11 23:25:40 GMT 2024","40814","tests.US_55_ReTestsManual.saii-d3v","US_55-saii-d3v_ReTestsManual_test","TestManualDetectedBugs","","","TC_55!052 (Lang: ro) | Bid:55!052-ro.ua.NoAuth","
         Check: The main page in EN language is opened after click on the link [Go to all commodities]
                on the ""Commodities trading"" page when AR, IT, NL, PL, RO, CN language is selected
         Language: AR, IT, NL, PL, RO, CN.
         License: ASIC, CYSEC, SCB.
         Author: Sergey Aiidzhanov
         "
"failed","Sun Aug 11 23:51:03 GMT 2024","Sun Aug 11 23:51:52 GMT 2024","48974","tests.US_55_ReTestsManual.saii-d3v","US_55-saii-d3v_ReTestsManual_test","TestManualDetectedBugs","","","TC_55!292 (Lang: de) | Bid:55!292-de.de.NoAuth","
         Check: There are no search results on the Search page when any language except EN is selected.
         Language: All, except EN.
         License: ASIC, CYSEC, SCB.
         Author: Sergey Aiidzhanov
         "
"broken","Sun Aug 11 23:55:24 GMT 2024","Sun Aug 11 23:55:49 GMT 2024","24910","tests.US_55_ReTestsManual.saii-d3v","US_55-saii-d3v_ReTestsManual_test","TestManualDetectedBugs","","","TC_55!299 (Lang: en) | Bid:55!299-en.ae.NoReg","
         Check: The modal window ""Log in to your Facebook account"" is not opened
                after clicking the button [Facebook] in the Sign up / Log in form
                on any page when EN/AR language and SCA license is selected
         Language: AR, EN.
         License: SCA.
         Author: Sergey Aiidzhanov
         "
"failed","Sun Aug 11 22:43:21 GMT 2024","Sun Aug 11 22:44:45 GMT 2024","83333","tests.US_55_ReTestsManual.artemdashkov","US_55-artemdashkov_ReTestsManual_test","TestManualDetected","","","TC_55!017 (Lang: de) | Bid:55!017-de.au.NoAuth","
        Check:  Sign up/log in/forms or the transition to the trading platform are
                not opened after clicking the [Try now] button in ""Why choose
                Capital.com?.."" Block in the menu item [Our Mobile Apps]
        Language: All.
        License: Not FCA
        Author: Artem Dashkov
        "
"failed","Mon Aug 12 00:01:14 GMT 2024","Mon Aug 12 00:02:01 GMT 2024","46762","tests.US_55_ReTestsManual.tassobaccato","US_55-tassobaccato_ReTestsManual_test","TestManualDetectedBugs","","","TC_55!048 (Lang: ro) | Bid:55!048-ro.de.NoReg","
        Check: Filters application in the 'Live shares prices' widget
        Language: All
        License: CYSEC, SCB, ASIC
        Author: Kasila
        "
"failed","Mon Aug 12 00:11:53 GMT 2024","Mon Aug 12 00:12:26 GMT 2024","32688","tests.US_55_ReTestsManual.tassobaccato","US_55-tassobaccato_ReTestsManual_test","TestManualDetectedBugs","","","TC_55!270 (Lang: ar) | Bid:55!270-ar.ae.Auth","
        Check: The page ""what is cryptocurrency trading"" is not opened after clicking the link [Learn more about
            cryptocurrency trading] in the block ""Why trade cryptocurrencies with Capital.com?"" on the page
            ""Cryptocurrencies"" when SCA license is selected.
        Language: AR
        License: SCA
        Author: Kasila
        "
"failed","Sun Aug 11 23:48:34 GMT 2024","Sun Aug 11 23:49:04 GMT 2024","29752","tests.US_55_ReTestsManual.saii-d3v","US_55-saii-d3v_ReTestsManual_test","TestManualDetectedBugs","","","TC_55!288 (Lang: zh) | Bid:55!288-zh.de.NoAuth","
         Check: The page ""Trading products"" is opened after clicking the link [Our mobile Apps]
                in the tile ""Industry-leading features for an industry-leading platform""
                on the page ""Why Capital.com?"" when any language (except EN) is selected
         Language: All, except EN.
         License: ASIC, CYSEC, SCB.
         Author: Sergey Aiidzhanov
         "
"failed","Sun Aug 11 23:33:34 GMT 2024","Sun Aug 11 23:34:15 GMT 2024","41126","tests.US_55_ReTestsManual.saii-d3v","US_55-saii-d3v_ReTestsManual_test","TestManualDetectedBugs","","","TC_55!085 (Lang: de) | Bid:55!085-de.au.Auth","
         Check: The Trading Guides page is not opened after clicking the link [Handelsleitfäden] (trading guides)
         on the page [Demo-Konto] (Demo Account) in DE lang
         Language: DE.
         License: ASIC, CYSEC, SCB.
         Author: Sergey Aiidzhanov
         "
"broken","Sun Aug 11 23:55:00 GMT 2024","Sun Aug 11 23:55:24 GMT 2024","23788","tests.US_55_ReTestsManual.saii-d3v","US_55-saii-d3v_ReTestsManual_test","TestManualDetectedBugs","","","TC_55!299 (Lang: ar) | Bid:55!299-ar.ae.NoReg","
         Check: The modal window ""Log in to your Facebook account"" is not opened
                after clicking the button [Facebook] in the Sign up / Log in form
                on any page when EN/AR language and SCA license is selected
         Language: AR, EN.
         License: SCA.
         Author: Sergey Aiidzhanov
         "
"failed","Sun Aug 11 23:55:49 GMT 2024","Sun Aug 11 23:56:22 GMT 2024","32394","tests.US_55_ReTestsManual.saii-d3v","US_55-saii-d3v_ReTestsManual_test","TestManualDetectedBugs","","","TC_55!299 (Lang: ar) | Bid:55!299-ar.ae.NoAuth","
         Check: The modal window ""Log in to your Facebook account"" is not opened
                after clicking the button [Facebook] in the Sign up / Log in form
                on any page when EN/AR language and SCA license is selected
         Language: AR, EN.
         License: SCA.
         Author: Sergey Aiidzhanov
         "
"failed","Sun Aug 11 23:14:36 GMT 2024","Sun Aug 11 23:15:18 GMT 2024","41478","tests.US_55_ReTestsManual.artemdashkov","US_55-artemdashkov_ReTestsManual_test","TestManualDetected","","","TC_55!171 (Lang: nl) | Bid:55!171-nl.au.Auth","
        Check:  The search field [How can we help?] on the menu title [Help & Support]
                of the section menu ""More"" isn't searched when any language is selected
        Language: All (except ar).
        Country: CYSEC, ASIC, SCB
        Role: NoReg, Auth, NoAuth,
        Search_query: cur_search_query_2_rnd_from_10
        Author: Artem Dashkov
        "
"skipped","Sun Aug 11 22:34:41 GMT 2024","Sun Aug 11 22:34:41 GMT 2024","2","tests.US_55_ReTestsManual.AlexTomQA","US_55-AlexTomQA_ReTestsManual_test","TestManualDetected","","","TC_55!031v2 (Lang: en) | Bid:55!031v2-en.gb.NoReg","
        Check: Link [Learn more about us] on block Contents?
        Language: En.
        License: FCA
        "
"failed","Sun Aug 11 22:39:59 GMT 2024","Sun Aug 11 22:41:24 GMT 2024","85103","tests.US_55_ReTestsManual.artemdashkov","US_55-artemdashkov_ReTestsManual_test","TestManualDetected","","","TC_55!017 (Lang: cn) | Bid:55!017-cn.au.NoAuth","
        Check:  Sign up/log in/forms or the transition to the trading platform are
                not opened after clicking the [Try now] button in ""Why choose
                Capital.com?.."" Block in the menu item [Our Mobile Apps]
        Language: All.
        License: Not FCA
        Author: Artem Dashkov
        "
"skipped","Sun Aug 11 22:34:41 GMT 2024","Sun Aug 11 22:34:41 GMT 2024","1","tests.US_55_ReTestsManual.AlexTomQA","US_55-AlexTomQA_ReTestsManual_test","TestManualDetected","","","TC_55!062 (Lang: en) | Bid:55!062-en.de.Auth","
        Check: Button [Create account] button in the Menu item [Trading Courses]
        Language: All.
        License: Not FCA
        Author  : Ivan Kedrov
        "
"failed","Sun Aug 11 22:30:33 GMT 2024","Sun Aug 11 22:31:36 GMT 2024","63302","tests.US_55_ReTestsManual.AlexTomQA","US_55-AlexTomQA_ReTestsManual_test","TestManualDetected","","","TC_55!029 (Lang: en) | Bid:55!029-en.ua.NoAuth","
        Check: Button [Google Play] on the block CFD Trading app
        Language: All.
        License: Not FCA
        Author  : Ivan Kedrov
        "
"failed","Sun Aug 11 23:46:10 GMT 2024","Sun Aug 11 23:46:34 GMT 2024","24051","tests.US_55_ReTestsManual.saii-d3v","US_55-saii-d3v_ReTestsManual_test","TestManualDetectedBugs","","","TC_55!273 (Lang: ar) | Bid:55!273-ar.ae.NoReg","
         Check: The page with “404 error” message is displayed
                after clicking the link [تعلّم التداول] (Learn to trade)
                in the tile [ترغب في تحسين استراتيجياتك؟] (Looking to sharpen your strategies?)
                on the page ""تعلّم التداول"" (Learn to trade) when AR language is selected
         Language: AR.
         License: SCA.
         Author: Sergey Aiidzhanov
         "
"failed","Sun Aug 11 23:36:17 GMT 2024","Sun Aug 11 23:37:10 GMT 2024","52454","tests.US_55_ReTestsManual.saii-d3v","US_55-saii-d3v_ReTestsManual_test","TestManualDetectedBugs","","","TC_55!157 (Lang: en) | Bid:55!157-en.au.NoAuth","
         Check: The modal window ""Confirm Form Resubmission"" is not opened after clicking the button [Back]
         on any article from search page.
         Language: All.
         License: All, exclude FCA, SCA.
         Author: Sergey Aiidzhanov
         "
"failed","Sun Aug 11 23:10:10 GMT 2024","Sun Aug 11 23:10:45 GMT 2024","34873","tests.US_55_ReTestsManual.artemdashkov","US_55-artemdashkov_ReTestsManual_test","TestManualDetected","","","TC_55!149 (Lang: zh) | Bid:55!149-zh.au.Auth","
        Check:  After clicking the link ""Browse all markets""
                on page ""Charges & fees"" in not EN language
                always open EN-language version of page ""Markets""
        Language: All, except EN (AND AR)
        Country: CYSEC, ASIC, SCB
        Role: NoReg, Auth, NoAuth
        Author: Artem Dashkov
        "
"failed","Mon Aug 12 00:16:07 GMT 2024","Mon Aug 12 00:16:37 GMT 2024","30073","tests.US_55_ReTestsManual.mila_podchasova","US_55-mila_podchasova_ReTestsManual_test","TestManualDetectedBugs","","","TC_55!043 (Lang: en) | Bid:55!043-en.gb.NoAuth","
        The footer is missing on click menu item [Professional] of the menu section [Ways to trade]
        1. Hover over the [Ways to trade] menu section
        2. Click the [Professional]menu item
        Author: podchasova11
        "
"failed","Sun Aug 11 23:06:28 GMT 2024","Sun Aug 11 23:07:14 GMT 2024","46388","tests.US_55_ReTestsManual.artemdashkov","US_55-artemdashkov_ReTestsManual_test","TestManualDetected","","","TC_55!130 (Lang: de) | Bid:55!130-de.au.Auth","
        Check:  ""Alle Kryptowährungen"" (Go to all cryptocurrencies) is not implemented as a link
                when the German language is selected in the block ""Why trade cryptocurrency with Capital.com""
        Language: DE.
        Country: CYSEC, ASIC, SCB
        Role: NoReg, Auth, NoAuth,
        Author: Artem Dashkov
        "
"failed","Sun Aug 11 23:49:04 GMT 2024","Sun Aug 11 23:49:42 GMT 2024","37550","tests.US_55_ReTestsManual.saii-d3v","US_55-saii-d3v_ReTestsManual_test","TestManualDetectedBugs","","","TC_55!288 (Lang: ru) | Bid:55!288-ru.de.NoReg","
         Check: The page ""Trading products"" is opened after clicking the link [Our mobile Apps]
                in the tile ""Industry-leading features for an industry-leading platform""
                on the page ""Why Capital.com?"" when any language (except EN) is selected
         Language: All, except EN.
         License: ASIC, CYSEC, SCB.
         Author: Sergey Aiidzhanov
         "
"failed","Sun Aug 11 23:11:33 GMT 2024","Sun Aug 11 23:12:08 GMT 2024","34718","tests.US_55_ReTestsManual.artemdashkov","US_55-artemdashkov_ReTestsManual_test","TestManualDetected","","","TC_55!149 (Lang: zh) | Bid:55!149-zh.au.NoAuth","
        Check:  After clicking the link ""Browse all markets""
                on page ""Charges & fees"" in not EN language
                always open EN-language version of page ""Markets""
        Language: All, except EN (AND AR)
        Country: CYSEC, ASIC, SCB
        Role: NoReg, Auth, NoAuth
        Author: Artem Dashkov
        "
"failed","Sun Aug 11 23:51:53 GMT 2024","Sun Aug 11 23:52:40 GMT 2024","47371","tests.US_55_ReTestsManual.saii-d3v","US_55-saii-d3v_ReTestsManual_test","TestManualDetectedBugs","","","TC_55!292 (Lang: de) | Bid:55!292-de.de.NoReg","
         Check: There are no search results on the Search page when any language except EN is selected.
         Language: All, except EN.
         License: ASIC, CYSEC, SCB.
         Author: Sergey Aiidzhanov
         "
"failed","Mon Aug 12 00:14:21 GMT 2024","Mon Aug 12 00:15:03 GMT 2024","41685","tests.US_55_ReTestsManual.mila_podchasova","US_55-mila_podchasova_ReTestsManual_test","TestManualDetectedBugs","","","TC_55!038 (Lang: en) | Bid:55!038-en.ua.NoAuth","
         Check: The Trading platform overview page does not open when
         the button [Platform overview] is pressed on the ""Investmate app"" page

         Author: podchasova11
         "
"failed","Sun Aug 11 23:17:23 GMT 2024","Sun Aug 11 23:18:07 GMT 2024","43793","tests.US_55_ReTestsManual.artemdashkov","US_55-artemdashkov_ReTestsManual_test","TestManualDetected","","","TC_55!171 (Lang: pl) | Bid:55!171-pl.au.NoAuth","
        Check:  The search field [How can we help?] on the menu title [Help & Support]
                of the section menu ""More"" isn't searched when any language is selected
        Language: All (except ar).
        Country: CYSEC, ASIC, SCB
        Role: NoReg, Auth, NoAuth,
        Search_query: cur_search_query_2_rnd_from_10
        Author: Artem Dashkov
        "
"failed","Sun Aug 11 22:38:03 GMT 2024","Sun Aug 11 22:39:02 GMT 2024","58723","tests.US_55_ReTestsManual.artemdashkov","US_55-artemdashkov_ReTestsManual_test","TestManualDetected","","","TC_55!017 (Lang: cn) | Bid:55!017-cn.au.NoReg","
        Check:  Sign up/log in/forms or the transition to the trading platform are
                not opened after clicking the [Try now] button in ""Why choose
                Capital.com?.."" Block in the menu item [Our Mobile Apps]
        Language: All.
        License: Not FCA
        Author: Artem Dashkov
        "
"failed","Sun Aug 11 23:33:00 GMT 2024","Sun Aug 11 23:33:34 GMT 2024","33146","tests.US_55_ReTestsManual.saii-d3v","US_55-saii-d3v_ReTestsManual_test","TestManualDetectedBugs","","","TC_55!076 (Lang: cn) | Bid:55!076-cn.de.NoReg","
         Check: Login form is opened instead of Sign-up form after clicking the button [Apply]
                in the Block 'Leverage Limits Professional Clients' on page 'Professional Account'
         Language: All, except EL.
         License: CYSEC.
         Author: Sergey Aiidzhanov
         "
"failed","Sun Aug 11 23:31:43 GMT 2024","Sun Aug 11 23:32:23 GMT 2024","40202","tests.US_55_ReTestsManual.saii-d3v","US_55-saii-d3v_ReTestsManual_test","TestManualDetectedBugs","","","TC_55!054 (Lang: en) | Bid:55!054-en.au.NoReg","
         Check: The Sign-up/Login form or the trading platform page are not opened
                after clicking the [Try now] button on the 'Corporate Accounts' page
         Language: EN.
         License: ASIC.
         Author: Sergey Aiidzhanov
         "
"failed","Mon Aug 12 00:17:20 GMT 2024","Mon Aug 12 00:17:41 GMT 2024","21642","tests.US_55_ReTestsManual.mila_podchasova","US_55-mila_podchasova_ReTestsManual_test","TestManualDetectedBugs","","","TC_55!285en (Lang: en) | Bid:55!285en-en.ae.Auth","
        Opened the Trading platform page
        instead [My Account] menu after clicking the [My account] button
        Language: EN
        License: SCA.
        Country: AE.
        Author: podchasova11
        "
"skipped","Sun Aug 11 22:34:41 GMT 2024","Sun Aug 11 22:34:41 GMT 2024","2","tests.US_55_ReTestsManual.AlexTomQA","US_55-AlexTomQA_ReTestsManual_test","TestManualDetected","","","TC_55!062 (Lang: it) | Bid:55!062-it.ua.Auth","
        Check: Button [Create account] button in the Menu item [Trading Courses]
        Language: All.
        License: Not FCA
        Author  : Ivan Kedrov
        "
"failed","Sun Aug 11 23:21:54 GMT 2024","Sun Aug 11 23:22:28 GMT 2024","34089","tests.US_55_ReTestsManual.artemdashkov","US_55-artemdashkov_ReTestsManual_test","TestManualDetected","","","TC_55!300 (Lang: ar) | Bid:55!300-ar.ae.Auth","
        Check:  The ""TradingView"" page is opened in EN language instead AR language,
                when clicked [Explore features] button on the ""Web platform"" page for AR language is selected
        Language: AR
        Country: SCA
        Role: NoReg, Auth, NoAuth
        Author: Artem Dashkov
        "
"failed","Sun Aug 11 23:02:51 GMT 2024","Sun Aug 11 23:03:38 GMT 2024","47072","tests.US_55_ReTestsManual.artemdashkov","US_55-artemdashkov_ReTestsManual_test","TestManualDetected","","","TC_55!129 (Lang: it) | Bid:55!129-it.au.Auth","
        Check:  The Main page is opened instead of the Cryptocurrencies page on the page
                ""Cryptocurrency trading"" after clicking the button [Go to all cryptocurrencies]
                when RO, IT, PL or CN language is selected
        Language: RO, IT, PL, CN.
        Country: CYSEC, ASIC, SCB
        Role: NoReg, Auth, NoAuth,
        Author: Artem Dashkov
        "
"failed","Mon Aug 12 00:15:27 GMT 2024","Mon Aug 12 00:16:07 GMT 2024","39699","tests.US_55_ReTestsManual.mila_podchasova","US_55-mila_podchasova_ReTestsManual_test","TestManualDetectedBugs","","","TC_55!043 (Lang: en) | Bid:55!043-en.gb.Auth","
        The footer is missing on click menu item [Professional] of the menu section [Ways to trade]
        1. Hover over the [Ways to trade] menu section
        2. Click the [Professional]menu item
        Author: podchasova11
        "
"failed","Sun Aug 11 23:49:42 GMT 2024","Sun Aug 11 23:50:14 GMT 2024","31505","tests.US_55_ReTestsManual.saii-d3v","US_55-saii-d3v_ReTestsManual_test","TestManualDetectedBugs","","","TC_55!288 (Lang: zh) | Bid:55!288-zh.de.NoReg","
         Check: The page ""Trading products"" is opened after clicking the link [Our mobile Apps]
                in the tile ""Industry-leading features for an industry-leading platform""
                on the page ""Why Capital.com?"" when any language (except EN) is selected
         Language: All, except EN.
         License: ASIC, CYSEC, SCB.
         Author: Sergey Aiidzhanov
         "
"failed","Sun Aug 11 23:14:01 GMT 2024","Sun Aug 11 23:14:36 GMT 2024","34535","tests.US_55_ReTestsManual.artemdashkov","US_55-artemdashkov_ReTestsManual_test","TestManualDetected","","","TC_55!171 (Lang: nl) | Bid:55!171-nl.au.NoReg","
        Check:  The search field [How can we help?] on the menu title [Help & Support]
                of the section menu ""More"" isn't searched when any language is selected
        Language: All (except ar).
        Country: CYSEC, ASIC, SCB
        Role: NoReg, Auth, NoAuth,
        Search_query: cur_search_query_2_rnd_from_10
        Author: Artem Dashkov
        "
"failed","Sun Aug 11 23:43:12 GMT 2024","Sun Aug 11 23:43:47 GMT 2024","35631","tests.US_55_ReTestsManual.saii-d3v","US_55-saii-d3v_ReTestsManual_test","TestManualDetectedBugs","","","TC_55!160 (Lang: cn) | Bid:55!160-cn.de.NoReg","
         Check: The Search field in the header is not opened after performed search
         Language: All.
         License: All, exclude FCA, SCA.
         Author: Sergey Aiidzhanov
         "
"failed","Sun Aug 11 23:54:19 GMT 2024","Sun Aug 11 23:55:00 GMT 2024","41220","tests.US_55_ReTestsManual.saii-d3v","US_55-saii-d3v_ReTestsManual_test","TestManualDetectedBugs","","","TC_55!292 (Lang: cn) | Bid:55!292-cn.de.NoReg","
         Check: There are no search results on the Search page when any language except EN is selected.
         Language: All, except EN.
         License: ASIC, CYSEC, SCB.
         Author: Sergey Aiidzhanov
         "
"failed","Sun Aug 11 23:30:51 GMT 2024","Sun Aug 11 23:31:42 GMT 2024","51641","tests.US_55_ReTestsManual.saii-d3v","US_55-saii-d3v_ReTestsManual_test","TestManualDetectedBugs","","","TC_55!054 (Lang: en) | Bid:55!054-en.au.NoAuth","
         Check: The Sign-up/Login form or the trading platform page are not opened
                after clicking the [Try now] button on the 'Corporate Accounts' page
         Language: EN.
         License: ASIC.
         Author: Sergey Aiidzhanov
         "
"failed","Sun Aug 11 23:04:15 GMT 2024","Sun Aug 11 23:05:05 GMT 2024","50234","tests.US_55_ReTestsManual.artemdashkov","US_55-artemdashkov_ReTestsManual_test","TestManualDetected","","","TC_55!129 (Lang: it) | Bid:55!129-it.au.NoAuth","
        Check:  The Main page is opened instead of the Cryptocurrencies page on the page
                ""Cryptocurrency trading"" after clicking the button [Go to all cryptocurrencies]
                when RO, IT, PL or CN language is selected
        Language: RO, IT, PL, CN.
        Country: CYSEC, ASIC, SCB
        Role: NoReg, Auth, NoAuth,
        Author: Artem Dashkov
        "
"failed","Mon Aug 12 00:04:21 GMT 2024","Mon Aug 12 00:05:03 GMT 2024","41679","tests.US_55_ReTestsManual.tassobaccato","US_55-tassobaccato_ReTestsManual_test","TestManualDetectedBugs","","","TC_55!077a (Lang: en) | Bid:55!077a-en.de.NoReg","
        Check: presence of the sidebar ""Crypto Trading Guide"" on the ""Cryptocurrencies vs. Stocks:
        What's the Difference?"" page.
        Language: EN
        License: CYSEC, SCB, ASIC
        Author: Kasila
        "
"failed","Sun Aug 11 23:02:15 GMT 2024","Sun Aug 11 23:02:51 GMT 2024","35721","tests.US_55_ReTestsManual.artemdashkov","US_55-artemdashkov_ReTestsManual_test","TestManualDetected","","","TC_55!129 (Lang: cn) | Bid:55!129-cn.au.NoReg","
        Check:  The Main page is opened instead of the Cryptocurrencies page on the page
                ""Cryptocurrency trading"" after clicking the button [Go to all cryptocurrencies]
                when RO, IT, PL or CN language is selected
        Language: RO, IT, PL, CN.
        Country: CYSEC, ASIC, SCB
        Role: NoReg, Auth, NoAuth,
        Author: Artem Dashkov
        "
"failed","Sun Aug 11 22:44:45 GMT 2024","Sun Aug 11 22:45:08 GMT 2024","22656","tests.US_55_ReTestsManual.artemdashkov","US_55-artemdashkov_ReTestsManual_test","TestManualDetected","","","TC_55!031 (Lang: en) | Bid:55!031-en.gb.NoReg","
        Check:  [Learn more about us] anchor doesn't navigate to the ""Learn more about us""
                section on the ""Client funds"" page when clicking on it.
        Language: En.
        License: FCA
        Author: Artem Dashkov
        "
"failed","Sun Aug 11 22:32:33 GMT 2024","Sun Aug 11 22:33:35 GMT 2024","61621","tests.US_55_ReTestsManual.AlexTomQA","US_55-AlexTomQA_ReTestsManual_test","TestManualDetected","","","TC_55!029 (Lang: it) | Bid:55!029-it.ua.Auth","
        Check: Button [Google Play] on the block CFD Trading app
        Language: All.
        License: Not FCA
        Author  : Ivan Kedrov
        "
"failed","Sun Aug 11 23:15:18 GMT 2024","Sun Aug 11 23:16:03 GMT 2024","45320","tests.US_55_ReTestsManual.artemdashkov","US_55-artemdashkov_ReTestsManual_test","TestManualDetected","","","TC_55!171 (Lang: nl) | Bid:55!171-nl.au.NoAuth","
        Check:  The search field [How can we help?] on the menu title [Help & Support]
                of the section menu ""More"" isn't searched when any language is selected
        Language: All (except ar).
        Country: CYSEC, ASIC, SCB
        Role: NoReg, Auth, NoAuth,
        Search_query: cur_search_query_2_rnd_from_10
        Author: Artem Dashkov
        "
"failed","Sun Aug 11 23:46:34 GMT 2024","Sun Aug 11 23:47:15 GMT 2024","40965","tests.US_55_ReTestsManual.saii-d3v","US_55-saii-d3v_ReTestsManual_test","TestManualDetectedBugs","","","TC_55!288 (Lang: ru) | Bid:55!288-ru.de.Auth","
         Check: The page ""Trading products"" is opened after clicking the link [Our mobile Apps]
                in the tile ""Industry-leading features for an industry-leading platform""
                on the page ""Why Capital.com?"" when any language (except EN) is selected
         Language: All, except EN.
         License: ASIC, CYSEC, SCB.
         Author: Sergey Aiidzhanov
         "
"failed","Sun Aug 11 22:46:03 GMT 2024","Sun Aug 11 22:46:36 GMT 2024","33078","tests.US_55_ReTestsManual.artemdashkov","US_55-artemdashkov_ReTestsManual_test","TestManualDetected","","","TC_55!045a (Lang: hu) | Bid:55!045a-hu.au.NoReg","
        Check: Field [email] in Sign up form
        Language: All.
        License/Country: de/CYSEC, au/ASIC,
        Role: NoReg, NoAuth,
        Login: ['КИРИЛЛИЦА_без_пробелов@gmail.com', 'LATIN with space@gmail.com'],
        Password: ['VALID_password44!']
        Author: Artem Dashkov
        "
"failed","Sun Aug 11 23:12:42 GMT 2024","Sun Aug 11 23:13:20 GMT 2024","38655","tests.US_55_ReTestsManual.artemdashkov","US_55-artemdashkov_ReTestsManual_test","TestManualDetected","","","TC_55!151 (Lang: ru) | Bid:55!151-ru.au.Auth","
        Check:  The [demo account] page is opened in EN language instead corresponding language,
                when clicked [demo account] link on the ""Main page"" for HU or RU language is selected
        Language: HU, RU
        Country: CYSEC, ASIC, SCB
        Role: NoReg, Auth, NoAuth
        Author: Artem Dashkov
        "
"failed","Sun Aug 11 22:36:26 GMT 2024","Sun Aug 11 22:36:57 GMT 2024","30455","tests.US_55_ReTestsManual.artemdashkov","US_55-artemdashkov_ReTestsManual_test","TestManualDetected","","","TC_55!016b (Lang: hu) | Bid:55!016b-hu.au.Auth","
        Check:  The trading platform is opened, not the page
                of the corresponding trading instrument on the trading platform
        Language: All.
        License: Not FCA
        Author: Artem Dashkov
        "
"passed","Sun Aug 11 22:59:48 GMT 2024","Sun Aug 11 23:00:40 GMT 2024","51303","tests.US_55_ReTestsManual.artemdashkov","US_55-artemdashkov_ReTestsManual_test","TestManualDetected","","","TC_55!104 (Lang: en) | Bid:55!104-en.au.Auth","
        Check: The trading calculator is collapsed in the menu section [Markets] --> [CFD calculator]
        after setting the maximum duration on the Prof/Loss element and changing the asset
        Language: En.
        Country: CYSEC, ASIC, SCB
        Role: NoReg, Auth, NoAuth,
        calc_1_and_calc_2:  (""GBP/USD"", ""EUR/USD""),
                            (""EUR/USD"", ""GBP/USD""),
                            (""Gold"", ""Natural Gas""),
                            (""Natural Gas"", ""Gold""),
                            (""Germany 40"", ""US Tech 100""),
                            (""US Tech 100"", ""Germany 40"")
        Author: Artem Dashkov
        "
"failed","Sun Aug 11 23:41:44 GMT 2024","Sun Aug 11 23:42:24 GMT 2024","40176","tests.US_55_ReTestsManual.saii-d3v","US_55-saii-d3v_ReTestsManual_test","TestManualDetectedBugs","","","TC_55!160 (Lang: cn) | Bid:55!160-cn.de.Auth","
         Check: The Search field in the header is not opened after performed search
         Language: All.
         License: All, exclude FCA, SCA.
         Author: Sergey Aiidzhanov
         "
"failed","Sun Aug 11 23:53:26 GMT 2024","Sun Aug 11 23:54:19 GMT 2024","52342","tests.US_55_ReTestsManual.saii-d3v","US_55-saii-d3v_ReTestsManual_test","TestManualDetectedBugs","","","TC_55!292 (Lang: cn) | Bid:55!292-cn.de.NoAuth","
         Check: There are no search results on the Search page when any language except EN is selected.
         Language: All, except EN.
         License: ASIC, CYSEC, SCB.
         Author: Sergey Aiidzhanov
         "
"failed","Sun Aug 11 22:56:28 GMT 2024","Sun Aug 11 22:58:58 GMT 2024","150232","tests.US_55_ReTestsManual.artemdashkov","US_55-artemdashkov_ReTestsManual_test","TestManualDetected","","","TC_55!074 (Lang: en) | Bid:55!074-en.au.NoAuth","
        Check:  Not possible to vote for another trading instrument
                in the block ""What is your sentiment...""  if on another page voted for another instrument
        Language: All.
        License/Country: All
        Role: NoReg, NoAuth, Auth
        Author: Artem Dashkov
        "
"failed","Sun Aug 11 23:56:52 GMT 2024","Sun Aug 11 23:57:29 GMT 2024","36921","tests.US_55_ReTestsManual.saii-d3v","US_55-saii-d3v_ReTestsManual_test","TestManualDetectedBugs","","","TC_55!305 (Lang: ar) | Bid:55!305-ar.ae.Auth","
         Check: TC_55!305 | Error message is displayed after clicking the link ""أكثر"" (More)
         in the tile ""العملات المشفرة"" (Cryptocurrencies) on the page ""تجريبي"" (Demo)
         when AR language and SCA license is selected
         Language: AR.
         License: SCA.
         Author: Sergey Aiidzhanov
         "
"failed","Sun Aug 11 22:48:27 GMT 2024","Sun Aug 11 22:48:59 GMT 2024","31425","tests.US_55_ReTestsManual.artemdashkov","US_55-artemdashkov_ReTestsManual_test","TestManualDetected","","","TC_55!045a (Lang: es) | Bid:55!045a-es.au.NoReg","
        Check: Field [email] in Sign up form
        Language: All.
        License/Country: de/CYSEC, au/ASIC,
        Role: NoReg, NoAuth,
        Login: ['КИРИЛЛИЦА_без_пробелов@gmail.com', 'LATIN with space@gmail.com'],
        Password: ['VALID_password44!']
        Author: Artem Dashkov
        "
"failed","Sun Aug 11 23:37:51 GMT 2024","Sun Aug 11 23:38:30 GMT 2024","39357","tests.US_55_ReTestsManual.saii-d3v","US_55-saii-d3v_ReTestsManual_test","TestManualDetectedBugs","","","TC_55!158 (Lang: cn) | Bid:55!158-cn.au.Auth","
         Check: Page '教育' (Education) is opened after click on menu section [新聞和分析] (News and analysis) in CN language.
         Language: CN.
         License: ASIC, CYSEC, SCB.
         Author: Sergey Aiidzhanov
         "
"failed","Sun Aug 11 23:08:46 GMT 2024","Sun Aug 11 23:09:23 GMT 2024","36820","tests.US_55_ReTestsManual.artemdashkov","US_55-artemdashkov_ReTestsManual_test","TestManualDetected","","","TC_55!149 (Lang: zh) | Bid:55!149-zh.au.NoReg","
        Check:  After clicking the link ""Browse all markets""
                on page ""Charges & fees"" in not EN language
                always open EN-language version of page ""Markets""
        Language: All, except EN (AND AR)
        Country: CYSEC, ASIC, SCB
        Role: NoReg, Auth, NoAuth
        Author: Artem Dashkov
        "
"failed","Mon Aug 12 00:07:20 GMT 2024","Mon Aug 12 00:08:12 GMT 2024","51503","tests.US_55_ReTestsManual.tassobaccato","US_55-tassobaccato_ReTestsManual_test","TestManualDetectedBugs","","","TC_55!077b (Lang: de) | Bid:55!077b-de.ua.Auth","
        Check: presence of the sidebar ""Crypto Trading Guide"" on the ""Bitcoin Gold"" page.
        Language: EN, DE, ZH, RU, ES,IT, PL
        License: CYSEC, SCB, ASIC
        Author: Kasila
        "
"skipped","Sun Aug 11 22:34:41 GMT 2024","Sun Aug 11 22:34:41 GMT 2024","1","tests.US_55_ReTestsManual.AlexTomQA","US_55-AlexTomQA_ReTestsManual_test","TestManualDetected","","","TC_55!062 (Lang: it) | Bid:55!062-it.au.Auth","
        Check: Button [Create account] button in the Menu item [Trading Courses]
        Language: All.
        License: Not FCA
        Author  : Ivan Kedrov
        "
"failed","Mon Aug 12 00:15:03 GMT 2024","Mon Aug 12 00:15:27 GMT 2024","23550","tests.US_55_ReTestsManual.mila_podchasova","US_55-mila_podchasova_ReTestsManual_test","TestManualDetectedBugs","","","TC_55!043 (Lang: en) | Bid:55!043-en.gb.NoReg","
        The footer is missing on click menu item [Professional] of the menu section [Ways to trade]
        1. Hover over the [Ways to trade] menu section
        2. Click the [Professional]menu item
        Author: podchasova11
        "
"failed","Sun Aug 11 22:50:51 GMT 2024","Sun Aug 11 22:53:33 GMT 2024","162438","tests.US_55_ReTestsManual.artemdashkov","US_55-artemdashkov_ReTestsManual_test","TestManualDetected","","","TC_55!074 (Lang: en) | Bid:55!074-en.au.NoReg","
        Check:  Not possible to vote for another trading instrument
                in the block ""What is your sentiment...""  if on another page voted for another instrument
        Language: All.
        License/Country: All
        Role: NoReg, NoAuth, Auth
        Author: Artem Dashkov
        "
"failed","Sun Aug 11 23:50:14 GMT 2024","Sun Aug 11 23:51:03 GMT 2024","49197","tests.US_55_ReTestsManual.saii-d3v","US_55-saii-d3v_ReTestsManual_test","TestManualDetectedBugs","","","TC_55!292 (Lang: de) | Bid:55!292-de.de.Auth","
         Check: There are no search results on the Search page when any language except EN is selected.
         Language: All, except EN.
         License: ASIC, CYSEC, SCB.
         Author: Sergey Aiidzhanov
         "
"failed","Sun Aug 11 22:35:46 GMT 2024","Sun Aug 11 22:36:26 GMT 2024","39605","tests.US_55_ReTestsManual.artemdashkov","US_55-artemdashkov_ReTestsManual_test","TestManualDetected","","","TC_55!016a (Lang: es) | Bid:55!016a-es.au.Auth","
        Check:  The trading platform is opened, not the page
                of the corresponding trading instrument on the trading platform
        Language: All.
        License: Not FCA
        Author: Artem Dashkov
        "
"failed","Sun Aug 11 23:18:39 GMT 2024","Sun Aug 11 23:19:13 GMT 2024","33845","tests.US_55_ReTestsManual.artemdashkov","US_55-artemdashkov_ReTestsManual_test","TestManualDetected","","","TC_55!257 (Lang: ar) | Bid:55!257-ar.ae.Auth","
        Check:  The ""Charges and fees"" page is opened instead ""Client funds"" page,
                when clicked [How we manage your money] link in ""You might also be interested in..."" block
                on the ""How Capital.com makes money"" page for AR language is selected.
        Language: AR
        Country: SCA
        Role: NoReg, Auth, NoAuth
        Author: Artem Dashkov
        "
"failed","Sun Aug 11 23:19:13 GMT 2024","Sun Aug 11 23:19:44 GMT 2024","31177","tests.US_55_ReTestsManual.artemdashkov","US_55-artemdashkov_ReTestsManual_test","TestManualDetected","","","TC_55!257 (Lang: ar) | Bid:55!257-ar.ae.NoAuth","
        Check:  The ""Charges and fees"" page is opened instead ""Client funds"" page,
                when clicked [How we manage your money] link in ""You might also be interested in..."" block
                on the ""How Capital.com makes money"" page for AR language is selected.
        Language: AR
        Country: SCA
        Role: NoReg, Auth, NoAuth
        Author: Artem Dashkov
        "
"failed","Sun Aug 11 23:39:11 GMT 2024","Sun Aug 11 23:39:45 GMT 2024","33585","tests.US_55_ReTestsManual.saii-d3v","US_55-saii-d3v_ReTestsManual_test","TestManualDetectedBugs","","","TC_55!158 (Lang: cn) | Bid:55!158-cn.au.NoReg","
         Check: Page '教育' (Education) is opened after click on menu section [新聞和分析] (News and analysis) in CN language.
         Language: CN.
         License: ASIC, CYSEC, SCB.
         Author: Sergey Aiidzhanov
         "
"failed","Sun Aug 11 23:45:10 GMT 2024","Sun Aug 11 23:45:38 GMT 2024","27691","tests.US_55_ReTestsManual.saii-d3v","US_55-saii-d3v_ReTestsManual_test","TestManualDetectedBugs","","","TC_55!273 (Lang: ar) | Bid:55!273-ar.ae.Auth","
         Check: The page with “404 error” message is displayed
                after clicking the link [تعلّم التداول] (Learn to trade)
                in the tile [ترغب في تحسين استراتيجياتك؟] (Looking to sharpen your strategies?)
                on the page ""تعلّم التداول"" (Learn to trade) when AR language is selected
         Language: AR.
         License: SCA.
         Author: Sergey Aiidzhanov
         "
"skipped","Sun Aug 11 23:59:51 GMT 2024","Mon Aug 12 00:00:20 GMT 2024","28889","tests.US_55_ReTestsManual.tassobaccato","US_55-tassobaccato_ReTestsManual_test","TestManualDetectedBugs","","","TC_55!048 (Lang: hu) | Bid:55!048-hu.de.Auth","
        Check: Filters application in the 'Live shares prices' widget
        Language: All
        License: CYSEC, SCB, ASIC
        Author: Kasila
        "
"failed","Sun Aug 11 23:24:17 GMT 2024","Sun Aug 11 23:24:59 GMT 2024","41255","tests.US_55_ReTestsManual.saii-d3v","US_55-saii-d3v_ReTestsManual_test","TestManualDetectedBugs","","","TC_55!052 (Lang: ar) | Bid:55!052-ar.ua.NoAuth","
         Check: The main page in EN language is opened after click on the link [Go to all commodities]
                on the ""Commodities trading"" page when AR, IT, NL, PL, RO, CN language is selected
         Language: AR, IT, NL, PL, RO, CN.
         License: ASIC, CYSEC, SCB.
         Author: Sergey Aiidzhanov
         "
"failed","Mon Aug 12 00:05:03 GMT 2024","Mon Aug 12 00:05:49 GMT 2024","46254","tests.US_55_ReTestsManual.tassobaccato","US_55-tassobaccato_ReTestsManual_test","TestManualDetectedBugs","","","TC_55!077a (Lang: en) | Bid:55!077a-en.de.Auth","
        Check: presence of the sidebar ""Crypto Trading Guide"" on the ""Cryptocurrencies vs. Stocks:
        What's the Difference?"" page.
        Language: EN
        License: CYSEC, SCB, ASIC
        Author: Kasila
        "
"failed","Sun Aug 11 23:12:08 GMT 2024","Sun Aug 11 23:12:41 GMT 2024","33225","tests.US_55_ReTestsManual.artemdashkov","US_55-artemdashkov_ReTestsManual_test","TestManualDetected","","","TC_55!151 (Lang: ru) | Bid:55!151-ru.au.NoReg","
        Check:  The [demo account] page is opened in EN language instead corresponding language,
                when clicked [demo account] link on the ""Main page"" for HU or RU language is selected
        Language: HU, RU
        Country: CYSEC, ASIC, SCB
        Role: NoReg, Auth, NoAuth
        Author: Artem Dashkov
        "
"failed","Sun Aug 11 23:23:46 GMT 2024","Sun Aug 11 23:24:17 GMT 2024","30713","tests.US_55_ReTestsManual.saii-d3v","US_55-saii-d3v_ReTestsManual_test","TestManualDetectedBugs","","","TC_55!052 (Lang: ro) | Bid:55!052-ro.ua.Auth","
         Check: The main page in EN language is opened after click on the link [Go to all commodities]
                on the ""Commodities trading"" page when AR, IT, NL, PL, RO, CN language is selected
         Language: AR, IT, NL, PL, RO, CN.
         License: ASIC, CYSEC, SCB.
         Author: Sergey Aiidzhanov
         "
"failed","Sun Aug 11 23:32:23 GMT 2024","Sun Aug 11 23:33:00 GMT 2024","37046","tests.US_55_ReTestsManual.saii-d3v","US_55-saii-d3v_ReTestsManual_test","TestManualDetectedBugs","","","TC_55!076 (Lang: de) | Bid:55!076-de.de.NoReg","
         Check: Login form is opened instead of Sign-up form after clicking the button [Apply]
                in the Block 'Leverage Limits Professional Clients' on page 'Professional Account'
         Language: All, except EL.
         License: CYSEC.
         Author: Sergey Aiidzhanov
         "
"failed","Sun Aug 11 22:53:34 GMT 2024","Sun Aug 11 22:56:28 GMT 2024","173957","tests.US_55_ReTestsManual.artemdashkov","US_55-artemdashkov_ReTestsManual_test","TestManualDetected","","","TC_55!074 (Lang: en) | Bid:55!074-en.au.Auth","
        Check:  Not possible to vote for another trading instrument
                in the block ""What is your sentiment...""  if on another page voted for another instrument
        Language: All.
        License/Country: All
        Role: NoReg, NoAuth, Auth
        Author: Artem Dashkov
        "
"failed","Sun Aug 11 23:07:14 GMT 2024","Sun Aug 11 23:08:03 GMT 2024","48918","tests.US_55_ReTestsManual.artemdashkov","US_55-artemdashkov_ReTestsManual_test","TestManualDetected","","","TC_55!130 (Lang: de) | Bid:55!130-de.au.NoAuth","
        Check:  ""Alle Kryptowährungen"" (Go to all cryptocurrencies) is not implemented as a link
                when the German language is selected in the block ""Why trade cryptocurrency with Capital.com""
        Language: DE.
        Country: CYSEC, ASIC, SCB
        Role: NoReg, Auth, NoAuth,
        Author: Artem Dashkov
        "
"failed","Sun Aug 11 23:23:02 GMT 2024","Sun Aug 11 23:23:46 GMT 2024","43694","tests.US_55_ReTestsManual.saii-d3v","US_55-saii-d3v_ReTestsManual_test","TestManualDetectedBugs","","","TC_55!052 (Lang: ar) | Bid:55!052-ar.ua.Auth","
         Check: The main page in EN language is opened after click on the link [Go to all commodities]
                on the ""Commodities trading"" page when AR, IT, NL, PL, RO, CN language is selected
         Language: AR, IT, NL, PL, RO, CN.
         License: ASIC, CYSEC, SCB.
         Author: Sergey Aiidzhanov
         "
"failed","Sun Aug 11 23:18:07 GMT 2024","Sun Aug 11 23:18:38 GMT 2024","30988","tests.US_55_ReTestsManual.artemdashkov","US_55-artemdashkov_ReTestsManual_test","TestManualDetected","","","TC_55!257 (Lang: ar) | Bid:55!257-ar.ae.NoReg","
        Check:  The ""Charges and fees"" page is opened instead ""Client funds"" page,
                when clicked [How we manage your money] link in ""You might also be interested in..."" block
                on the ""How Capital.com makes money"" page for AR language is selected.
        Language: AR
        Country: SCA
        Role: NoReg, Auth, NoAuth
        Author: Artem Dashkov
        "
"failed","Mon Aug 12 00:11:23 GMT 2024","Mon Aug 12 00:11:53 GMT 2024","29979","tests.US_55_ReTestsManual.tassobaccato","US_55-tassobaccato_ReTestsManual_test","TestManualDetectedBugs","","","TC_55!270 (Lang: ar) | Bid:55!270-ar.ae.NoReg","
        Check: The page ""what is cryptocurrency trading"" is not opened after clicking the link [Learn more about
            cryptocurrency trading] in the block ""Why trade cryptocurrencies with Capital.com?"" on the page
            ""Cryptocurrencies"" when SCA license is selected.
        Language: AR
        License: SCA
        Author: Kasila
        "
"skipped","Sun Aug 11 22:34:41 GMT 2024","Sun Aug 11 22:34:41 GMT 2024","2","tests.US_55_ReTestsManual.AlexTomQA","US_55-AlexTomQA_ReTestsManual_test","TestManualDetected","","","TC_55!062 (Lang: it) | Bid:55!062-it.de.Auth","
        Check: Button [Create account] button in the Menu item [Trading Courses]
        Language: All.
        License: Not FCA
        Author  : Ivan Kedrov
        "
"failed","Sun Aug 11 23:21:23 GMT 2024","Sun Aug 11 23:21:54 GMT 2024","30822","tests.US_55_ReTestsManual.artemdashkov","US_55-artemdashkov_ReTestsManual_test","TestManualDetected","","","TC_55!300 (Lang: ar) | Bid:55!300-ar.ae.NoReg","
        Check:  The ""TradingView"" page is opened in EN language instead AR language,
                when clicked [Explore features] button on the ""Web platform"" page for AR language is selected
        Language: AR
        Country: SCA
        Role: NoReg, Auth, NoAuth
        Author: Artem Dashkov
        "
"failed","Mon Aug 12 00:05:49 GMT 2024","Mon Aug 12 00:06:38 GMT 2024","48140","tests.US_55_ReTestsManual.tassobaccato","US_55-tassobaccato_ReTestsManual_test","TestManualDetectedBugs","","","TC_55!077a (Lang: en) | Bid:55!077a-en.de.NoAuth","
        Check: presence of the sidebar ""Crypto Trading Guide"" on the ""Cryptocurrencies vs. Stocks:
        What's the Difference?"" page.
        Language: EN
        License: CYSEC, SCB, ASIC
        Author: Kasila
        "
"passed","Sun Aug 11 22:49:39 GMT 2024","Sun Aug 11 22:50:11 GMT 2024","32523","tests.US_55_ReTestsManual.artemdashkov","US_55-artemdashkov_ReTestsManual_test","TestManualDetected","","","TC_55!045a (Lang: es) | Bid:55!045a-es.au.NoReg","
        Check: Field [email] in Sign up form
        Language: All.
        License/Country: de/CYSEC, au/ASIC,
        Role: NoReg, NoAuth,
        Login: ['КИРИЛЛИЦА_без_пробелов@gmail.com', 'LATIN with space@gmail.com'],
        Password: ['VALID_password44!']
        Author: Artem Dashkov
        "
"failed","Mon Aug 12 00:09:45 GMT 2024","Mon Aug 12 00:10:33 GMT 2024","47529","tests.US_55_ReTestsManual.tassobaccato","US_55-tassobaccato_ReTestsManual_test","TestManualDetectedBugs","","","TC_55!077b (Lang: it) | Bid:55!077b-it.ua.Auth","
        Check: presence of the sidebar ""Crypto Trading Guide"" on the ""Bitcoin Gold"" page.
        Language: EN, DE, ZH, RU, ES,IT, PL
        License: CYSEC, SCB, ASIC
        Author: Kasila
        "
"failed","Sun Aug 11 23:58:39 GMT 2024","Sun Aug 11 23:59:03 GMT 2024","24665","tests.US_55_ReTestsManual.tassobaccato","US_55-tassobaccato_ReTestsManual_test","TestManualDetectedBugs","","","TC_55!009 (Lang: en) | Bid:55!009-en.gb.Auth","
         Check: Button [My account] in the Header
         Language: En. License: FCA.
         Author: Kasila
         "
"failed","Sun Aug 11 23:16:41 GMT 2024","Sun Aug 11 23:17:22 GMT 2024","41161","tests.US_55_ReTestsManual.artemdashkov","US_55-artemdashkov_ReTestsManual_test","TestManualDetected","","","TC_55!171 (Lang: pl) | Bid:55!171-pl.au.Auth","
        Check:  The search field [How can we help?] on the menu title [Help & Support]
                of the section menu ""More"" isn't searched when any language is selected
        Language: All (except ar).
        Country: CYSEC, ASIC, SCB
        Role: NoReg, Auth, NoAuth,
        Search_query: cur_search_query_2_rnd_from_10
        Author: Artem Dashkov
        "
"failed","Sun Aug 11 23:37:10 GMT 2024","Sun Aug 11 23:37:50 GMT 2024","40353","tests.US_55_ReTestsManual.saii-d3v","US_55-saii-d3v_ReTestsManual_test","TestManualDetectedBugs","","","TC_55!157 (Lang: en) | Bid:55!157-en.au.NoReg","
         Check: The modal window ""Confirm Form Resubmission"" is not opened after clicking the button [Back]
         on any article from search page.
         Language: All.
         License: All, exclude FCA, SCA.
         Author: Sergey Aiidzhanov
         "
"failed","Sun Aug 11 22:29:31 GMT 2024","Sun Aug 11 22:30:32 GMT 2024","61126","tests.US_55_ReTestsManual.AlexTomQA","US_55-AlexTomQA_ReTestsManual_test","TestManualDetected","","","TC_55!029 (Lang: en) | Bid:55!029-en.ua.Auth","
        Check: Button [Google Play] on the block CFD Trading app
        Language: All.
        License: Not FCA
        Author  : Ivan Kedrov
        "
"failed","Mon Aug 12 00:12:26 GMT 2024","Mon Aug 12 00:12:57 GMT 2024","31343","tests.US_55_ReTestsManual.tassobaccato","US_55-tassobaccato_ReTestsManual_test","TestManualDetectedBugs","","","TC_55!270 (Lang: ar) | Bid:55!270-ar.ae.NoAuth","
        Check: The page ""what is cryptocurrency trading"" is not opened after clicking the link [Learn more about
            cryptocurrency trading] in the block ""Why trade cryptocurrencies with Capital.com?"" on the page
            ""Cryptocurrencies"" when SCA license is selected.
        Language: AR
        License: SCA
        Author: Kasila
        "
"failed","Sun Aug 11 23:22:29 GMT 2024","Sun Aug 11 23:23:00 GMT 2024","31331","tests.US_55_ReTestsManual.artemdashkov","US_55-artemdashkov_ReTestsManual_test","TestManualDetected","","","TC_55!300 (Lang: ar) | Bid:55!300-ar.ae.NoAuth","
        Check:  The ""TradingView"" page is opened in EN language instead AR language,
                when clicked [Explore features] button on the ""Web platform"" page for AR language is selected
        Language: AR
        Country: SCA
        Role: NoReg, Auth, NoAuth
        Author: Artem Dashkov
        "
"failed","Sun Aug 11 23:58:01 GMT 2024","Sun Aug 11 23:58:36 GMT 2024","35706","tests.US_55_ReTestsManual.saii-d3v","US_55-saii-d3v_ReTestsManual_test","TestManualDetectedBugs","","","TC_55!305 (Lang: ar) | Bid:55!305-ar.ae.NoReg","
         Check: TC_55!305 | Error message is displayed after clicking the link ""أكثر"" (More)
         in the tile ""العملات المشفرة"" (Cryptocurrencies) on the page ""تجريبي"" (Demo)
         when AR language and SCA license is selected
         Language: AR.
         License: SCA.
         Author: Sergey Aiidzhanov
         "
"failed","Sun Aug 11 23:39:45 GMT 2024","Sun Aug 11 23:40:24 GMT 2024","39366","tests.US_55_ReTestsManual.saii-d3v","US_55-saii-d3v_ReTestsManual_test","TestManualDetectedBugs","","","TC_55!160 (Lang: de) | Bid:55!160-de.de.Auth","
         Check: The Search field in the header is not opened after performed search
         Language: All.
         License: All, exclude FCA, SCA.
         Author: Sergey Aiidzhanov
         "
"failed","Sun Aug 11 23:29:55 GMT 2024","Sun Aug 11 23:30:51 GMT 2024","55722","tests.US_55_ReTestsManual.saii-d3v","US_55-saii-d3v_ReTestsManual_test","TestManualDetectedBugs","","","TC_55!054 (Lang: en) | Bid:55!054-en.au.Auth","
         Check: The Sign-up/Login form or the trading platform page are not opened
                after clicking the [Try now] button on the 'Corporate Accounts' page
         Language: EN.
         License: ASIC.
         Author: Sergey Aiidzhanov
         "
"failed","Sun Aug 11 23:45:38 GMT 2024","Sun Aug 11 23:46:09 GMT 2024","30989","tests.US_55_ReTestsManual.saii-d3v","US_55-saii-d3v_ReTestsManual_test","TestManualDetectedBugs","","","TC_55!273 (Lang: ar) | Bid:55!273-ar.ae.NoAuth","
         Check: The page with “404 error” message is displayed
                after clicking the link [تعلّم التداول] (Learn to trade)
                in the tile [ترغب في تحسين استراتيجياتك؟] (Looking to sharpen your strategies?)
                on the page ""تعلّم التداول"" (Learn to trade) when AR language is selected
         Language: AR.
         License: SCA.
         Author: Sergey Aiidzhanov
         "
"failed","Mon Aug 12 00:17:42 GMT 2024","Mon Aug 12 00:17:55 GMT 2024","13572","tests.US_55_ReTestsManual.mila_podchasova","US_55-mila_podchasova_ReTestsManual_test","TestManualDetectedBugs","","","TC_55!285ar (Lang: ar) | Bid:55!285ar-ar.ae.Auth","
        Opened the Trading platform page
        instead [My Account] menu after clicking the [My account] button
        Language: AR
        License: SCA.
        Country: AE.
        Author: podchasova11
        "
"skipped","Sun Aug 11 22:37:43 GMT 2024","Sun Aug 11 22:38:03 GMT 2024","20143","tests.US_55_ReTestsManual.artemdashkov","US_55-artemdashkov_ReTestsManual_test","TestManualDetected","","","TC_55!016c (Lang: es) | Bid:55!016c-es.au.Auth","
        Check:  The trading platform is opened, not the page of the corresponding trading instrument
                on the trading platform
        Language: All.
        License: Not FCA
        Author: Artem Dashkov
        "
"passed","Mon Aug 12 00:02:01 GMT 2024","Mon Aug 12 00:03:14 GMT 2024","72343","tests.US_55_ReTestsManual.tassobaccato","US_55-tassobaccato_ReTestsManual_test","TestManualDetectedBugs","","","TC_55!048 (Lang: ro) | Bid:55!048-ro.de.Auth","
        Check: Filters application in the 'Live shares prices' widget
        Language: All
        License: CYSEC, SCB, ASIC
        Author: Kasila
        "
"failed","Sun Aug 11 22:58:58 GMT 2024","Sun Aug 11 22:59:48 GMT 2024","49772","tests.US_55_ReTestsManual.artemdashkov","US_55-artemdashkov_ReTestsManual_test","TestManualDetected","","","TC_55!104 (Lang: en) | Bid:55!104-en.au.NoReg","
        Check: The trading calculator is collapsed in the menu section [Markets] --> [CFD calculator]
        after setting the maximum duration on the Prof/Loss element and changing the asset
        Language: En.
        Country: CYSEC, ASIC, SCB
        Role: NoReg, Auth, NoAuth,
        calc_1_and_calc_2:  (""GBP/USD"", ""EUR/USD""),
                            (""EUR/USD"", ""GBP/USD""),
                            (""Gold"", ""Natural Gas""),
                            (""Natural Gas"", ""Gold""),
                            (""Germany 40"", ""US Tech 100""),
                            (""US Tech 100"", ""Germany 40"")
        Author: Artem Dashkov
        "
"failed","Sun Aug 11 22:28:29 GMT 2024","Sun Aug 11 22:29:31 GMT 2024","61463","tests.US_55_ReTestsManual.AlexTomQA","US_55-AlexTomQA_ReTestsManual_test","TestManualDetected","","","TC_55!029 (Lang: en) | Bid:55!029-en.ua.NoReg","
        Check: Button [Google Play] on the block CFD Trading app
        Language: All.
        License: Not FCA
        Author  : Ivan Kedrov
        "
"failed","Mon Aug 12 00:13:00 GMT 2024","Mon Aug 12 00:13:40 GMT 2024","40597","tests.US_55_ReTestsManual.mila_podchasova","US_55-mila_podchasova_ReTestsManual_test","TestManualDetectedBugs","","","TC_55!038 (Lang: en) | Bid:55!038-en.ua.NoReg","
         Check: The Trading platform overview page does not open when
         the button [Platform overview] is pressed on the ""Investmate app"" page

         Author: podchasova11
         "
"passed","Sun Aug 11 22:50:11 GMT 2024","Sun Aug 11 22:50:51 GMT 2024","39812","tests.US_55_ReTestsManual.artemdashkov","US_55-artemdashkov_ReTestsManual_test","TestManualDetected","","","TC_55!045a (Lang: es) | Bid:55!045a-es.au.NoAuth","
        Check: Field [email] in Sign up form
        Language: All.
        License/Country: de/CYSEC, au/ASIC,
        Role: NoReg, NoAuth,
        Login: ['КИРИЛЛИЦА_без_пробелов@gmail.com', 'LATIN with space@gmail.com'],
        Password: ['VALID_password44!']
        Author: Artem Dashkov
        "
"failed","Sun Aug 11 22:33:35 GMT 2024","Sun Aug 11 22:34:41 GMT 2024","65958","tests.US_55_ReTestsManual.AlexTomQA","US_55-AlexTomQA_ReTestsManual_test","TestManualDetected","","","TC_55!029 (Lang: it) | Bid:55!029-it.ua.NoAuth","
        Check: Button [Google Play] on the block CFD Trading app
        Language: All.
        License: Not FCA
        Author  : Ivan Kedrov
        "
"skipped","Sun Aug 11 22:28:29 GMT 2024","Sun Aug 11 22:28:29 GMT 2024","2","tests.US_55_ReTestsManual.AlexTomQA","US_55-AlexTomQA_ReTestsManual_test","TestManualDetected","","","TC_55!015a (Lang: en) | Bid:55!015a-en.au.NoAuth","
        # Check: Button [1. Create your account] in block [Steps trading]
        # Language: All. License: All.
        Author: Alexander Tomelo
        "
"failed","Sun Aug 11 23:34:15 GMT 2024","Sun Aug 11 23:34:57 GMT 2024","42020","tests.US_55_ReTestsManual.saii-d3v","US_55-saii-d3v_ReTestsManual_test","TestManualDetectedBugs","","","TC_55!085 (Lang: de) | Bid:55!085-de.au.NoAuth","
         Check: The Trading Guides page is not opened after clicking the link [Handelsleitfäden] (trading guides)
         on the page [Demo-Konto] (Demo Account) in DE lang
         Language: DE.
         License: ASIC, CYSEC, SCB.
         Author: Sergey Aiidzhanov
         "
"failed","Sun Aug 11 22:45:08 GMT 2024","Sun Aug 11 22:45:32 GMT 2024","24141","tests.US_55_ReTestsManual.artemdashkov","US_55-artemdashkov_ReTestsManual_test","TestManualDetected","","","TC_55!031 (Lang: en) | Bid:55!031-en.gb.Auth","
        Check:  [Learn more about us] anchor doesn't navigate to the ""Learn more about us""
                section on the ""Client funds"" page when clicking on it.
        Language: En.
        License: FCA
        Author: Artem Dashkov
        "
"failed","Sun Aug 11 22:42:25 GMT 2024","Sun Aug 11 22:43:21 GMT 2024","55640","tests.US_55_ReTestsManual.artemdashkov","US_55-artemdashkov_ReTestsManual_test","TestManualDetected","","","TC_55!017 (Lang: de) | Bid:55!017-de.au.Auth","
        Check:  Sign up/log in/forms or the transition to the trading platform are
                not opened after clicking the [Try now] button in ""Why choose
                Capital.com?.."" Block in the menu item [Our Mobile Apps]
        Language: All.
        License: Not FCA
        Author: Artem Dashkov
        "
"failed","Sun Aug 11 23:09:23 GMT 2024","Sun Aug 11 23:10:10 GMT 2024","46851","tests.US_55_ReTestsManual.artemdashkov","US_55-artemdashkov_ReTestsManual_test","TestManualDetected","","","TC_55!149 (Lang: ru) | Bid:55!149-ru.au.Auth","
        Check:  After clicking the link ""Browse all markets""
                on page ""Charges & fees"" in not EN language
                always open EN-language version of page ""Markets""
        Language: All, except EN (AND AR)
        Country: CYSEC, ASIC, SCB
        Role: NoReg, Auth, NoAuth
        Author: Artem Dashkov
        "
"failed","Sun Aug 11 23:35:33 GMT 2024","Sun Aug 11 23:36:17 GMT 2024","43915","tests.US_55_ReTestsManual.saii-d3v","US_55-saii-d3v_ReTestsManual_test","TestManualDetectedBugs","","","TC_55!157 (Lang: en) | Bid:55!157-en.au.Auth","
         Check: The modal window ""Confirm Form Resubmission"" is not opened after clicking the button [Back]
         on any article from search page.
         Language: All.
         License: All, exclude FCA, SCA.
         Author: Sergey Aiidzhanov
         "
"failed","Sun Aug 11 23:16:04 GMT 2024","Sun Aug 11 23:16:41 GMT 2024","36913","tests.US_55_ReTestsManual.artemdashkov","US_55-artemdashkov_ReTestsManual_test","TestManualDetected","","","TC_55!171 (Lang: pl) | Bid:55!171-pl.au.NoReg","
        Check:  The search field [How can we help?] on the menu title [Help & Support]
                of the section menu ""More"" isn't searched when any language is selected
        Language: All (except ar).
        Country: CYSEC, ASIC, SCB
        Role: NoReg, Auth, NoAuth,
        Search_query: cur_search_query_2_rnd_from_10
        Author: Artem Dashkov
        "
"failed","Sun Aug 11 23:38:30 GMT 2024","Sun Aug 11 23:39:11 GMT 2024","40698","tests.US_55_ReTestsManual.saii-d3v","US_55-saii-d3v_ReTestsManual_test","TestManualDetectedBugs","","","TC_55!158 (Lang: cn) | Bid:55!158-cn.au.NoAuth","
         Check: Page '教育' (Education) is opened after click on menu section [新聞和分析] (News and analysis) in CN language.
         Language: CN.
         License: ASIC, CYSEC, SCB.
         Author: Sergey Aiidzhanov
         "
"passed","Sun Aug 11 23:00:40 GMT 2024","Sun Aug 11 23:01:30 GMT 2024","50697","tests.US_55_ReTestsManual.artemdashkov","US_55-artemdashkov_ReTestsManual_test","TestManualDetected","","","TC_55!104 (Lang: en) | Bid:55!104-en.au.NoAuth","
        Check: The trading calculator is collapsed in the menu section [Markets] --> [CFD calculator]
        after setting the maximum duration on the Prof/Loss element and changing the asset
        Language: En.
        Country: CYSEC, ASIC, SCB
        Role: NoReg, Auth, NoAuth,
        calc_1_and_calc_2:  (""GBP/USD"", ""EUR/USD""),
                            (""EUR/USD"", ""GBP/USD""),
                            (""Gold"", ""Natural Gas""),
                            (""Natural Gas"", ""Gold""),
                            (""Germany 40"", ""US Tech 100""),
                            (""US Tech 100"", ""Germany 40"")
        Author: Artem Dashkov
        "
"failed","Sun Aug 11 22:34:43 GMT 2024","Sun Aug 11 22:35:46 GMT 2024","62775","tests.US_55_ReTestsManual.artemdashkov","US_55-artemdashkov_ReTestsManual_test","TestManualDetected","","","TC_55!016a (Lang: hu) | Bid:55!016a-hu.au.Auth","
        Check:  The trading platform is opened, not the page
                of the corresponding trading instrument on the trading platform
        Language: All.
        License: Not FCA
        Author: Artem Dashkov
        "
"failed","Sun Aug 11 23:10:45 GMT 2024","Sun Aug 11 23:11:33 GMT 2024","47583","tests.US_55_ReTestsManual.artemdashkov","US_55-artemdashkov_ReTestsManual_test","TestManualDetected","","","TC_55!149 (Lang: ru) | Bid:55!149-ru.au.NoAuth","
        Check:  After clicking the link ""Browse all markets""
                on page ""Charges & fees"" in not EN language
                always open EN-language version of page ""Markets""
        Language: All, except EN (AND AR)
        Country: CYSEC, ASIC, SCB
        Role: NoReg, Auth, NoAuth
        Author: Artem Dashkov
        "
"failed","Mon Aug 12 00:03:14 GMT 2024","Mon Aug 12 00:04:21 GMT 2024","67172","tests.US_55_ReTestsManual.tassobaccato","US_55-tassobaccato_ReTestsManual_test","TestManualDetectedBugs","","","TC_55!048 (Lang: ro) | Bid:55!048-ro.de.NoAuth","
        Check: Filters application in the 'Live shares prices' widget
        Language: All
        License: CYSEC, SCB, ASIC
        Author: Kasila
        "
"failed","Sun Aug 11 23:20:17 GMT 2024","Sun Aug 11 23:20:51 GMT 2024","34698","tests.US_55_ReTestsManual.artemdashkov","US_55-artemdashkov_ReTestsManual_test","TestManualDetected","","","TC_55!265 (Lang: ar) | Bid:55!265-ar.ae.Auth","
        Check:  The page with ""404 error"" message is displayed instead ""Contact us"" page,
                when clicked the button [Open an account] in the block ""We’re here to help""
                on the page ""Trading platforms"" for AR language is selected
        Language: AR
        Country: SCA
        Role: NoReg, Auth, NoAuth
        Author: Artem Dashkov
        "
"passed","Sun Aug 11 22:47:16 GMT 2024","Sun Aug 11 22:47:48 GMT 2024","32107","tests.US_55_ReTestsManual.artemdashkov","US_55-artemdashkov_ReTestsManual_test","TestManualDetected","","","TC_55!045a (Lang: hu) | Bid:55!045a-hu.au.NoReg","
        Check: Field [email] in Sign up form
        Language: All.
        License/Country: de/CYSEC, au/ASIC,
        Role: NoReg, NoAuth,
        Login: ['КИРИЛЛИЦА_без_пробелов@gmail.com', 'LATIN with space@gmail.com'],
        Password: ['VALID_password44!']
        Author: Artem Dashkov
        "
"failed","Sun Aug 11 23:05:06 GMT 2024","Sun Aug 11 23:05:45 GMT 2024","39572","tests.US_55_ReTestsManual.artemdashkov","US_55-artemdashkov_ReTestsManual_test","TestManualDetected","","","TC_55!129 (Lang: cn) | Bid:55!129-cn.au.NoAuth","
        Check:  The Main page is opened instead of the Cryptocurrencies page on the page
                ""Cryptocurrency trading"" after clicking the button [Go to all cryptocurrencies]
                when RO, IT, PL or CN language is selected
        Language: RO, IT, PL, CN.
        Country: CYSEC, ASIC, SCB
        Role: NoReg, Auth, NoAuth,
        Author: Artem Dashkov
        "
"skipped","Sun Aug 11 22:34:41 GMT 2024","Sun Aug 11 22:34:41 GMT 2024","2","tests.US_55_ReTestsManual.AlexTomQA","US_55-AlexTomQA_ReTestsManual_test","TestManualDetected","","","TC_55!031v2 (Lang: en) | Bid:55!031v2-en.gb.NoAuth","
        Check: Link [Learn more about us] on block Contents?
        Language: En.
        License: FCA
        "
"failed","Sun Aug 11 23:03:39 GMT 2024","Sun Aug 11 23:04:15 GMT 2024","36166","tests.US_55_ReTestsManual.artemdashkov","US_55-artemdashkov_ReTestsManual_test","TestManualDetected","","","TC_55!129 (Lang: cn) | Bid:55!129-cn.au.Auth","
        Check:  The Main page is opened instead of the Cryptocurrencies page on the page
                ""Cryptocurrency trading"" after clicking the button [Go to all cryptocurrencies]
                when RO, IT, PL or CN language is selected
        Language: RO, IT, PL, CN.
        Country: CYSEC, ASIC, SCB
        Role: NoReg, Auth, NoAuth,
        Author: Artem Dashkov
        "
"failed","Sun Aug 11 23:34:57 GMT 2024","Sun Aug 11 23:35:33 GMT 2024","35676","tests.US_55_ReTestsManual.saii-d3v","US_55-saii-d3v_ReTestsManual_test","TestManualDetectedBugs","","","TC_55!085 (Lang: de) | Bid:55!085-de.au.NoReg","
         Check: The Trading Guides page is not opened after clicking the link [Handelsleitfäden] (trading guides)
         on the page [Demo-Konto] (Demo Account) in DE lang
         Language: DE.
         License: ASIC, CYSEC, SCB.
         Author: Sergey Aiidzhanov
         "
"failed","Mon Aug 12 00:00:20 GMT 2024","Mon Aug 12 00:01:14 GMT 2024","53707","tests.US_55_ReTestsManual.tassobaccato","US_55-tassobaccato_ReTestsManual_test","TestManualDetectedBugs","","","TC_55!048 (Lang: hu) | Bid:55!048-hu.de.NoAuth","
        Check: Filters application in the 'Live shares prices' widget
        Language: All
        License: CYSEC, SCB, ASIC
        Author: Kasila
        "
"skipped","Sun Aug 11 22:36:57 GMT 2024","Sun Aug 11 22:37:17 GMT 2024","20160","tests.US_55_ReTestsManual.artemdashkov","US_55-artemdashkov_ReTestsManual_test","TestManualDetected","","","TC_55!016b (Lang: es) | Bid:55!016b-es.au.Auth","
        Check:  The trading platform is opened, not the page
                of the corresponding trading instrument on the trading platform
        Language: All.
        License: Not FCA
        Author: Artem Dashkov
        "
"failed","Sun Aug 11 23:01:30 GMT 2024","Sun Aug 11 23:02:15 GMT 2024","44455","tests.US_55_ReTestsManual.artemdashkov","US_55-artemdashkov_ReTestsManual_test","TestManualDetected","","","TC_55!129 (Lang: it) | Bid:55!129-it.au.NoReg","
        Check:  The Main page is opened instead of the Cryptocurrencies page on the page
                ""Cryptocurrency trading"" after clicking the button [Go to all cryptocurrencies]
                when RO, IT, PL or CN language is selected
        Language: RO, IT, PL, CN.
        Country: CYSEC, ASIC, SCB
        Role: NoReg, Auth, NoAuth,
        Author: Artem Dashkov
        "
"failed","Sun Aug 11 22:46:36 GMT 2024","Sun Aug 11 22:47:15 GMT 2024","39050","tests.US_55_ReTestsManual.artemdashkov","US_55-artemdashkov_ReTestsManual_test","TestManualDetected","","","TC_55!045a (Lang: hu) | Bid:55!045a-hu.au.NoAuth","
        Check: Field [email] in Sign up form
        Language: All.
        License/Country: de/CYSEC, au/ASIC,
        Role: NoReg, NoAuth,
        Login: ['КИРИЛЛИЦА_без_пробелов@gmail.com', 'LATIN with space@gmail.com'],
        Password: ['VALID_password44!']
        Author: Artem Dashkov
        "
"skipped","Sun Aug 11 22:34:41 GMT 2024","Sun Aug 11 22:34:41 GMT 2024","2","tests.US_55_ReTestsManual.AlexTomQA","US_55-AlexTomQA_ReTestsManual_test","TestManualDetected","","","TC_55!062 (Lang: en) | Bid:55!062-en.au.Auth","
        Check: Button [Create account] button in the Menu item [Trading Courses]
        Language: All.
        License: Not FCA
        Author  : Ivan Kedrov
        "
"failed","Sun Aug 11 23:47:15 GMT 2024","Sun Aug 11 23:47:47 GMT 2024","32096","tests.US_55_ReTestsManual.saii-d3v","US_55-saii-d3v_ReTestsManual_test","TestManualDetectedBugs","","","TC_55!288 (Lang: zh) | Bid:55!288-zh.de.Auth","
         Check: The page ""Trading products"" is opened after clicking the link [Our mobile Apps]
                in the tile ""Industry-leading features for an industry-leading platform""
                on the page ""Why Capital.com?"" when any language (except EN) is selected
         Language: All, except EN.
         License: ASIC, CYSEC, SCB.
         Author: Sergey Aiidzhanov
         "
"failed","Mon Aug 12 00:09:01 GMT 2024","Mon Aug 12 00:09:45 GMT 2024","43494","tests.US_55_ReTestsManual.tassobaccato","US_55-tassobaccato_ReTestsManual_test","TestManualDetectedBugs","","","TC_55!077b (Lang: it) | Bid:55!077b-it.ua.NoReg","
        Check: presence of the sidebar ""Crypto Trading Guide"" on the ""Bitcoin Gold"" page.
        Language: EN, DE, ZH, RU, ES,IT, PL
        License: CYSEC, SCB, ASIC
        Author: Kasila
        "
"failed","Sun Aug 11 23:52:40 GMT 2024","Sun Aug 11 23:53:26 GMT 2024","45919","tests.US_55_ReTestsManual.saii-d3v","US_55-saii-d3v_ReTestsManual_test","TestManualDetectedBugs","","","TC_55!292 (Lang: cn) | Bid:55!292-cn.de.Auth","
         Check: There are no search results on the Search page when any language except EN is selected.
         Language: All, except EN.
         License: ASIC, CYSEC, SCB.
         Author: Sergey Aiidzhanov
         "
"failed","Mon Aug 12 00:10:33 GMT 2024","Mon Aug 12 00:11:23 GMT 2024","49592","tests.US_55_ReTestsManual.tassobaccato","US_55-tassobaccato_ReTestsManual_test","TestManualDetectedBugs","","","TC_55!077b (Lang: it) | Bid:55!077b-it.ua.NoAuth","
        Check: presence of the sidebar ""Crypto Trading Guide"" on the ""Bitcoin Gold"" page.
        Language: EN, DE, ZH, RU, ES,IT, PL
        License: CYSEC, SCB, ASIC
        Author: Kasila
        "
"failed","Sun Aug 11 22:31:36 GMT 2024","Sun Aug 11 22:32:33 GMT 2024","56612","tests.US_55_ReTestsManual.AlexTomQA","US_55-AlexTomQA_ReTestsManual_test","TestManualDetected","","","TC_55!029 (Lang: it) | Bid:55!029-it.ua.NoReg","
        Check: Button [Google Play] on the block CFD Trading app
        Language: All.
        License: Not FCA
        Author  : Ivan Kedrov
        "
"failed","Sun Aug 11 23:40:25 GMT 2024","Sun Aug 11 23:41:06 GMT 2024","41674","tests.US_55_ReTestsManual.saii-d3v","US_55-saii-d3v_ReTestsManual_test","TestManualDetectedBugs","","","TC_55!160 (Lang: de) | Bid:55!160-de.de.NoAuth","
         Check: The Search field in the header is not opened after performed search
         Language: All.
         License: All, exclude FCA, SCA.
         Author: Sergey Aiidzhanov
         "
"failed","Sun Aug 11 23:08:04 GMT 2024","Sun Aug 11 23:08:46 GMT 2024","42133","tests.US_55_ReTestsManual.artemdashkov","US_55-artemdashkov_ReTestsManual_test","TestManualDetected","","","TC_55!149 (Lang: ru) | Bid:55!149-ru.au.NoReg","
        Check:  After clicking the link ""Browse all markets""
                on page ""Charges & fees"" in not EN language
                always open EN-language version of page ""Markets""
        Language: All, except EN (AND AR)
        Country: CYSEC, ASIC, SCB
        Role: NoReg, Auth, NoAuth
        Author: Artem Dashkov
        "
"skipped","Sun Aug 11 22:34:41 GMT 2024","Sun Aug 11 22:34:41 GMT 2024","2","tests.US_55_ReTestsManual.AlexTomQA","US_55-AlexTomQA_ReTestsManual_test","TestManualDetected","","","TC_55!062 (Lang: en) | Bid:55!062-en.ua.Auth","
        Check: Button [Create account] button in the Menu item [Trading Courses]
        Language: All.
        License: Not FCA
        Author  : Ivan Kedrov
        "
"failed","Mon Aug 12 00:16:37 GMT 2024","Mon Aug 12 00:17:19 GMT 2024","41707","tests.US_55_ReTestsManual.mila_podchasova","US_55-mila_podchasova_ReTestsManual_test","TestManualDetectedBugs","","","TC_55!090 (Lang: en) | Bid:55!090-en.de.Auth","
        The trading platform page is not opened in ""Demo account"" page
        after clicking on the [Create a risk-free demo account] button
        Language: All.
        License: All, except FCA, SCA.
        Country: All, except GB, AE.
        Author: podchasova11
        "
"failed","Sun Aug 11 23:29:13 GMT 2024","Sun Aug 11 23:29:55 GMT 2024","41196","tests.US_55_ReTestsManual.saii-d3v","US_55-saii-d3v_ReTestsManual_test","TestManualDetectedBugs","","","TC_55!053 (Lang: cn) | Bid:55!053-cn.au.NoReg","
         Check: The page is refreshed instead of opening the Login form after clicking the [Log In] button
                on the Search page
         Language: All.
         License: All, exclude FCA, SCA.
         Author: Sergey Aiidzhanov
         "
"skipped","Sun Aug 11 22:34:41 GMT 2024","Sun Aug 11 22:34:41 GMT 2024","2","tests.US_55_ReTestsManual.AlexTomQA","US_55-AlexTomQA_ReTestsManual_test","TestManualDetected","","","TC_55!031v2 (Lang: en) | Bid:55!031v2-en.gb.Auth","
        Check: Link [Learn more about us] on block Contents?
        Language: En.
        License: FCA
        "
"failed","Sun Aug 11 23:20:52 GMT 2024","Sun Aug 11 23:21:23 GMT 2024","31371","tests.US_55_ReTestsManual.artemdashkov","US_55-artemdashkov_ReTestsManual_test","TestManualDetected","","","TC_55!265 (Lang: ar) | Bid:55!265-ar.ae.NoAuth","
        Check:  The page with ""404 error"" message is displayed instead ""Contact us"" page,
                when clicked the button [Open an account] in the block ""We’re here to help""
                on the page ""Trading platforms"" for AR language is selected
        Language: AR
        Country: SCA
        Role: NoReg, Auth, NoAuth
        Author: Artem Dashkov
        "
"failed","Sun Aug 11 22:41:24 GMT 2024","Sun Aug 11 22:42:25 GMT 2024","60593","tests.US_55_ReTestsManual.artemdashkov","US_55-artemdashkov_ReTestsManual_test","TestManualDetected","","","TC_55!017 (Lang: de) | Bid:55!017-de.au.NoReg","
        Check:  Sign up/log in/forms or the transition to the trading platform are
                not opened after clicking the [Try now] button in ""Why choose
                Capital.com?.."" Block in the menu item [Our Mobile Apps]
        Language: All.
        License: Not FCA
        Author: Artem Dashkov
        "
"failed","Mon Aug 12 00:06:38 GMT 2024","Mon Aug 12 00:07:20 GMT 2024","42147","tests.US_55_ReTestsManual.tassobaccato","US_55-tassobaccato_ReTestsManual_test","TestManualDetectedBugs","","","TC_55!077b (Lang: de) | Bid:55!077b-de.ua.NoReg","
        Check: presence of the sidebar ""Crypto Trading Guide"" on the ""Bitcoin Gold"" page.
        Language: EN, DE, ZH, RU, ES,IT, PL
        License: CYSEC, SCB, ASIC
        Author: Kasila
        "
"failed","Sun Aug 11 23:44:15 GMT 2024","Sun Aug 11 23:44:46 GMT 2024","31200","tests.US_55_ReTestsManual.saii-d3v","US_55-saii-d3v_ReTestsManual_test","TestManualDetectedBugs","","","TC_55!272 (Lang: ar) | Bid:55!272-ar.ae.NoAuth","
         Check: The page with “404 error” message is displayed
                after clicking the link [تعلّم التداول] (Learn to trade)
                in the tile  [تبدأ الطريق من أوله؟] (Starting from the beginning?)
                on the page ""تعلّم التداول"" (Learn to trade) when AR language is selected
         Language: AR.
         License: SCA.
         Author: Sergey Aiidzhanov
         "
"failed","Mon Aug 12 00:13:41 GMT 2024","Mon Aug 12 00:14:21 GMT 2024","39938","tests.US_55_ReTestsManual.mila_podchasova","US_55-mila_podchasova_ReTestsManual_test","TestManualDetectedBugs","","","TC_55!038 (Lang: en) | Bid:55!038-en.ua.Auth","
         Check: The Trading platform overview page does not open when
         the button [Platform overview] is pressed on the ""Investmate app"" page

         Author: podchasova11
         "
"failed","Sun Aug 11 23:05:46 GMT 2024","Sun Aug 11 23:06:28 GMT 2024","41945","tests.US_55_ReTestsManual.artemdashkov","US_55-artemdashkov_ReTestsManual_test","TestManualDetected","","","TC_55!130 (Lang: de) | Bid:55!130-de.au.NoReg","
        Check:  ""Alle Kryptowährungen"" (Go to all cryptocurrencies) is not implemented as a link
                when the German language is selected in the block ""Why trade cryptocurrency with Capital.com""
        Language: DE.
        Country: CYSEC, ASIC, SCB
        Role: NoReg, Auth, NoAuth,
        Author: Artem Dashkov
        "
"failed","Sun Aug 11 23:44:47 GMT 2024","Sun Aug 11 23:45:10 GMT 2024","23498","tests.US_55_ReTestsManual.saii-d3v","US_55-saii-d3v_ReTestsManual_test","TestManualDetectedBugs","","","TC_55!272 (Lang: ar) | Bid:55!272-ar.ae.NoReg","
         Check: The page with “404 error” message is displayed
                after clicking the link [تعلّم التداول] (Learn to trade)
                in the tile  [تبدأ الطريق من أوله؟] (Starting from the beginning?)
                on the page ""تعلّم التداول"" (Learn to trade) when AR language is selected
         Language: AR.
         License: SCA.
         Author: Sergey Aiidzhanov
         "
"failed","Sun Aug 11 23:25:40 GMT 2024","Sun Aug 11 23:26:23 GMT 2024","42839","tests.US_55_ReTestsManual.saii-d3v","US_55-saii-d3v_ReTestsManual_test","TestManualDetectedBugs","","","TC_55!052 (Lang: ar) | Bid:55!052-ar.ua.NoReg","
         Check: The main page in EN language is opened after click on the link [Go to all commodities]
                on the ""Commodities trading"" page when AR, IT, NL, PL, RO, CN language is selected
         Language: AR, IT, NL, PL, RO, CN.
         License: ASIC, CYSEC, SCB.
         Author: Sergey Aiidzhanov
         "
"failed","Sun Aug 11 23:26:23 GMT 2024","Sun Aug 11 23:26:53 GMT 2024","30207","tests.US_55_ReTestsManual.saii-d3v","US_55-saii-d3v_ReTestsManual_test","TestManualDetectedBugs","","","TC_55!052 (Lang: ro) | Bid:55!052-ro.ua.NoReg","
         Check: The main page in EN language is opened after click on the link [Go to all commodities]
                on the ""Commodities trading"" page when AR, IT, NL, PL, RO, CN language is selected
         Language: AR, IT, NL, PL, RO, CN.
         License: ASIC, CYSEC, SCB.
         Author: Sergey Aiidzhanov
         "
"failed","Sun Aug 11 23:56:22 GMT 2024","Sun Aug 11 23:56:52 GMT 2024","29709","tests.US_55_ReTestsManual.saii-d3v","US_55-saii-d3v_ReTestsManual_test","TestManualDetectedBugs","","","TC_55!299 (Lang: en) | Bid:55!299-en.ae.NoAuth","
         Check: The modal window ""Log in to your Facebook account"" is not opened
                after clicking the button [Facebook] in the Sign up / Log in form
                on any page when EN/AR language and SCA license is selected
         Language: AR, EN.
         License: SCA.
         Author: Sergey Aiidzhanov
         "
"failed","Sun Aug 11 23:42:24 GMT 2024","Sun Aug 11 23:43:12 GMT 2024","47269","tests.US_55_ReTestsManual.saii-d3v","US_55-saii-d3v_ReTestsManual_test","TestManualDetectedBugs","","","TC_55!160 (Lang: cn) | Bid:55!160-cn.de.NoAuth","
         Check: The Search field in the header is not opened after performed search
         Language: All.
         License: All, exclude FCA, SCA.
         Author: Sergey Aiidzhanov
         "
"failed","Sun Aug 11 23:57:29 GMT 2024","Sun Aug 11 23:58:00 GMT 2024","31243","tests.US_55_ReTestsManual.saii-d3v","US_55-saii-d3v_ReTestsManual_test","TestManualDetectedBugs","","","TC_55!305 (Lang: ar) | Bid:55!305-ar.ae.NoAuth","
         Check: TC_55!305 | Error message is displayed after clicking the link ""أكثر"" (More)
         in the tile ""العملات المشفرة"" (Cryptocurrencies) on the page ""تجريبي"" (Demo)
         when AR language and SCA license is selected
         Language: AR.
         License: SCA.
         Author: Sergey Aiidzhanov
         "
"failed","Sun Aug 11 23:26:54 GMT 2024","Sun Aug 11 23:27:42 GMT 2024","48295","tests.US_55_ReTestsManual.saii-d3v","US_55-saii-d3v_ReTestsManual_test","TestManualDetectedBugs","","","TC_55!053 (Lang: de) | Bid:55!053-de.au.NoAuth","
         Check: The page is refreshed instead of opening the Login form after clicking the [Log In] button
                on the Search page
         Language: All.
         License: All, exclude FCA, SCA.
         Author: Sergey Aiidzhanov
         "
"failed","Sun Aug 11 22:45:33 GMT 2024","Sun Aug 11 22:46:02 GMT 2024","29266","tests.US_55_ReTestsManual.artemdashkov","US_55-artemdashkov_ReTestsManual_test","TestManualDetected","","","TC_55!031 (Lang: en) | Bid:55!031-en.gb.NoAuth","
        Check:  [Learn more about us] anchor doesn't navigate to the ""Learn more about us""
                section on the ""Client funds"" page when clicking on it.
        Language: En.
        License: FCA
        Author: Artem Dashkov
        "
"failed","Sun Aug 11 22:39:02 GMT 2024","Sun Aug 11 22:39:59 GMT 2024","56745","tests.US_55_ReTestsManual.artemdashkov","US_55-artemdashkov_ReTestsManual_test","TestManualDetected","","","TC_55!017 (Lang: cn) | Bid:55!017-cn.au.Auth","
        Check:  Sign up/log in/forms or the transition to the trading platform are
                not opened after clicking the [Try now] button in ""Why choose
                Capital.com?.."" Block in the menu item [Our Mobile Apps]
        Language: All.
        License: Not FCA
        Author: Artem Dashkov
        "
"failed","Sun Aug 11 22:48:59 GMT 2024","Sun Aug 11 22:49:38 GMT 2024","39055","tests.US_55_ReTestsManual.artemdashkov","US_55-artemdashkov_ReTestsManual_test","TestManualDetected","","","TC_55!045a (Lang: es) | Bid:55!045a-es.au.NoAuth","
        Check: Field [email] in Sign up form
        Language: All.
        License/Country: de/CYSEC, au/ASIC,
        Role: NoReg, NoAuth,
        Login: ['КИРИЛЛИЦА_без_пробелов@gmail.com', 'LATIN with space@gmail.com'],
        Password: ['VALID_password44!']
        Author: Artem Dashkov
        "
"failed","Sun Aug 11 23:59:04 GMT 2024","Sun Aug 11 23:59:51 GMT 2024","47393","tests.US_55_ReTestsManual.tassobaccato","US_55-tassobaccato_ReTestsManual_test","TestManualDetectedBugs","","","TC_55!048 (Lang: hu) | Bid:55!048-hu.de.NoReg","
        Check: Filters application in the 'Live shares prices' widget
        Language: All
        License: CYSEC, SCB, ASIC
        Author: Kasila
        "
"failed","Sun Aug 11 23:43:48 GMT 2024","Sun Aug 11 23:44:15 GMT 2024","27302","tests.US_55_ReTestsManual.saii-d3v","US_55-saii-d3v_ReTestsManual_test","TestManualDetectedBugs","","","TC_55!272 (Lang: ar) | Bid:55!272-ar.ae.Auth","
         Check: The page with “404 error” message is displayed
                after clicking the link [تعلّم التداول] (Learn to trade)
                in the tile  [تبدأ الطريق من أوله؟] (Starting from the beginning?)
                on the page ""تعلّم التداول"" (Learn to trade) when AR language is selected
         Language: AR.
         License: SCA.
         Author: Sergey Aiidzhanov
         "
"failed","Sun Aug 11 23:27:42 GMT 2024","Sun Aug 11 23:28:24 GMT 2024","41320","tests.US_55_ReTestsManual.saii-d3v","US_55-saii-d3v_ReTestsManual_test","TestManualDetectedBugs","","","TC_55!053 (Lang: de) | Bid:55!053-de.au.NoReg","
         Check: The page is refreshed instead of opening the Login form after clicking the [Log In] button
                on the Search page
         Language: All.
         License: All, exclude FCA, SCA.
         Author: Sergey Aiidzhanov
         "
"failed","Mon Aug 12 00:08:12 GMT 2024","Mon Aug 12 00:09:01 GMT 2024","48829","tests.US_55_ReTestsManual.tassobaccato","US_55-tassobaccato_ReTestsManual_test","TestManualDetectedBugs","","","TC_55!077b (Lang: de) | Bid:55!077b-de.ua.NoAuth","
        Check: presence of the sidebar ""Crypto Trading Guide"" on the ""Bitcoin Gold"" page.
        Language: EN, DE, ZH, RU, ES,IT, PL
        License: CYSEC, SCB, ASIC
        Author: Kasila
        "
"failed","Sun Aug 11 23:47:48 GMT 2024","Sun Aug 11 23:48:34 GMT 2024","46428","tests.US_55_ReTestsManual.saii-d3v","US_55-saii-d3v_ReTestsManual_test","TestManualDetectedBugs","","","TC_55!288 (Lang: ru) | Bid:55!288-ru.de.NoAuth","
         Check: The page ""Trading products"" is opened after clicking the link [Our mobile Apps]
                in the tile ""Industry-leading features for an industry-leading platform""
                on the page ""Why Capital.com?"" when any language (except EN) is selected
         Language: All, except EN.
         License: ASIC, CYSEC, SCB.
         Author: Sergey Aiidzhanov
         "
